observation_date,CPIAUCSL,inflation_yoy,AHETPI,wage_growth_yoy,wage_inflation_gap,real_hourly_earnings,real_earnings_index
2020-01-01,259.127,2.599767976845202,23.91,3.3722438391699194,0.7724758623247174,23.91,100.0
2020-02-01,259.25,2.34131667975952,24.03,3.6222509702458,1.2809342904862797,24.018599074252656,100.45419939043352
2020-03-01,258.076,1.4940399642909163,24.12,3.5637612709317423,2.069721306640826,24.2182273438832,101.28911477993809
2020-04-01,256.032,0.3130472940411133,25.14,7.758251178739828,7.4452038846987145,25.443900684289467,106.41531026469873
2020-05-01,255.802,0.1982013035848551,24.98,6.75213675213675,6.553935448551895,25.304698399543398,105.83311752213885
2020-06-01,257.042,0.7166562831830481,24.78,5.536626916524701,4.8199706333416525,24.9810033379759,104.47931132570429
2020-07-01,258.352,0.9968647625897996,24.69,4.929876753081164,3.933011990491364,24.764064648231873,103.57199769231231
2020-08-01,259.316,1.2810698495523851,24.8,5.040237187632357,3.7591673380799717,24.781924755896284,103.64669492219274
2020-09-01,259.997,1.3910228912373812,24.82,4.814189189189189,3.4231662979518074,24.736947503240422,103.45858428791476
2020-10-01,260.319,1.2303863428671624,24.84,4.589473684210521,3.3590873413433586,24.72625770689039,103.41387581300874
2020-11-01,260.911,1.1757452138405844,24.94,4.657994125052478,3.4822489112118937,24.769470739064282,103.59460785890539
2020-12-01,262.045,1.3204191315779434,25.16,5.492662473794541,4.172243342216597,24.879831021389457,104.05617323876812
2021-01-01,262.687,1.3738437137002402,25.16,5.227938101212892,3.854094387512652,24.819025380015,103.80186273531994
2021-02-01,263.579,1.6698167791706853,25.25,5.076987099459007,3.407170320288322,24.82351306439436,103.8206318042424
2021-03-01,264.961,2.6678187820641908,25.33,5.016583747927017,2.3487649658628262,24.772275580179723,103.6063386874936
2021-04-01,266.614,4.133077115360573,25.52,1.511535401750197,-2.621541713610376,24.803352562131025,103.73631351790476
2021-05-01,268.383,4.918257089467626,25.68,2.8022417934347343,-2.1160152960328915,24.79434748102525,103.69865111261083
2021-06-01,270.654,5.295632620349999,25.82,4.196933010492332,-1.0986996098576673,24.720340878021386,103.38912956094264
2021-07-01,271.903,5.245169381309234,25.97,5.184285135682454,-0.060884245626779965,24.749738656800403,103.51208137515853
2021-08-01,272.676,5.152015301793966,26.12,5.32258064516129,0.17056534336732376,24.82212310581056,103.81481851029093
2021-09-01,273.91,5.351215590949132,26.3,5.962933118452862,0.6117175275037301,24.880581577890545,104.05931232911144
2021-10-01,276.55,6.235042390298062,26.45,6.481481481481488,0.24643909118342577,24.78361652504068,103.65377049368749
2021-11-01,278.919,6.901970403700863,26.56,6.495589414595027,-0.40638098910583675,24.67531118353357,103.20079959654358
2021-12-01,280.845,7.174340285065539,26.76,6.359300476947549,-0.8150398081179899,24.690624793035305,103.26484647860855
2022-01-01,282.543,7.558805726967832,26.91,6.955484896661357,-0.6033208303064752,24.679810046612374,103.21961541870503
2022-02-01,284.5,7.937278766517819,26.97,6.811881188118818,-1.1253975783990011,24.56469311072056,102.73815604651008
2022-03-01,287.674,8.572204966013853,27.1,6.987761547572058,-1.5844434184417953,24.41076252980805,102.09436440739461
2022-04-01,288.561,8.231750770777225,27.28,6.896551724137945,-1.3351990466392802,24.49736644938159,102.45657235207692
2022-05-01,291.298,8.538171195642065,27.4,6.697819314641751,-1.8403518810003137,24.373939402261602,101.94035718218987
2022-06-01,294.957,8.979361103105798,27.52,6.584043377226956,-2.3953177258788427,24.17699881677668,101.11668262976445
2022-07-01,294.913,8.462576727730099,27.66,6.507508663842909,-1.9550680638871896,24.303617744894257,101.64624736467694
2022-08-01,295.097,8.222579178218826,27.75,6.240428790199082,-1.9821503880197442,24.367493569910913,101.91339845215772
2022-09-01,296.349,8.192106896425821,27.87,5.969581749049424,-2.2225251473763974,24.369474808418456,101.92168468598265
2022-10-01,298.007,7.758813957693,27.99,5.822306238185249,-1.9365077195077518,24.338236115259036,101.79103352262248
2022-11-01,298.786,7.122856456533988,28.11,5.835843373493987,-1.2870130830400006,24.37885299177338,101.96090753564775
2022-12-01,298.832,6.404600402357152,28.22,5.455904334828099,-0.9486960675290534,24.47048488782995,102.34414424019218
2023-01-01,300.42,6.327178517960097,28.31,5.2025269416573705,-1.1246515763027265,24.418764962385993,102.12783338513589
2023-02-01,301.45,5.957820738137087,28.42,5.376344086021523,-0.5814766521155645,24.429886681041634,102.17434831050454
2023-03-01,301.821,4.917719362889961,28.56,5.387453874538739,0.46973451164877833,24.52005367419762,102.55145827769812
2023-04-01,302.845,4.950079879124369,28.7,5.205278592375362,0.2551987132509925,24.55693473559081,102.70570780255464
2023-05-01,303.334,4.131851231385042,28.78,5.036496350364983,0.9046451189799409,24.585687921565007,102.82596370374324
2023-06-01,304.014,3.070617072997095,28.89,4.978197674418605,1.9075806014215102,24.62445489352464,102.98810076756438
2023-07-01,304.609,3.287749268428297,29.01,4.88069414316703,1.5929448747387331,24.678437833419242,103.21387634219674
2023-08-01,306.082,3.722504803505289,29.06,4.720720720720717,0.9982159172154281,24.60200410347554,102.89420369500435
2023-09-01,307.276,3.687206638119256,29.18,4.700394689630416,1.0131880515111602,24.607603132037646,102.91762079480404
2023-10-01,307.696,3.2512659098611785,29.26,4.537334762415157,1.2860688525539787,24.64138636836358,103.05891412950055
2023-11-01,308.148,3.133346274591186,29.37,4.482390608324449,1.349044333733263,24.697742610693563,103.29461568671503
2023-12-01,308.741,3.3159099427102934,29.47,4.4294826364280615,1.1135726937177681,24.73423578339126,103.44724292509937
2024-01-01,309.698,3.0883429864855705,29.61,4.592016955139533,1.5036739686539624,24.774943557917716,103.61749710546933
2024-02-01,310.967,3.157074141648697,29.66,4.363124560168896,1.2060504185201992,24.71550621127001,103.3689092901297
2024-03-01,312.345,3.4868349120836584,29.78,4.271708683473396,0.784873771389738,24.70602077830604,103.32923788501063
2024-04-01,313.023,3.3607951262196734,29.85,4.006968641114983,0.6461735148953096,24.710455621471905,103.34778595345841
2024-05-01,313.175,3.244278584003113,29.97,4.134815844336326,0.8905372603332129,24.79775266224954,103.71289277394202
2024-06-01,313.044,2.9702579486470926,30.07,4.084458290065762,1.1142003414186696,24.89090635821163,104.10249417905324
2024-07-01,313.569,2.9414757935583014,30.16,3.964150293002411,1.0226744994441095,24.923606351393154,104.2392570112637
2024-08-01,314.062,2.607144490692037,30.27,4.163799036476257,1.5566545457842196,24.975241480981463,104.45521322033233
2024-09-01,314.732,2.4264830315416708,30.39,4.146675805346134,1.7201927738044631,25.020873409758142,104.6460619395991
2024-10-01,315.631,2.578844053871343,30.48,4.16951469583049,1.5906706419591465,25.02349566424084,104.65702912689603
2024-11-01,316.528,2.719472461284833,30.56,4.051753489955723,1.3322810286708897,25.018074609513217,104.63435637604859
2024-12-01,317.604,2.870690967509981,30.66,4.038004750593838,1.1673137830838565,25.014904787093364,104.62109906772632
2025-01-01,318.961,2.9909783078999608,30.79,3.9851401553529175,0.9941618474529568,25.01409366662382,104.61770667764038
2025-02-01,319.679,2.8015834477613355,30.89,4.146999325691159,1.345415877929823,25.038970435968583,104.72175004587444
2025-03-01,319.785,2.381981462805549,31.02,4.163868368032242,1.7818869052266928,25.13601182044186,105.12761112690028
2025-04-01,320.302,2.32538823025783,31.09,4.154103852596314,1.8287156223384837,25.152070327378535,105.19477343111056
2025-05-01,320.62,2.3772651073680877,31.2,4.104104104104112,1.7268389967360247,25.216026448755535,105.46226034611266
2025-06-01,321.435,2.680453865910226,31.31,4.123711340206171,1.4432574742959448,25.2407683357444,105.56573958906064
2025-07-01,322.169,2.742618052167134,31.39,4.078249336870021,1.3356312847028873,25.247607715205376,105.59434427103879
2025-08-01,323.291,2.9385917430316155,31.49,4.030393128510079,1.0918013854784636,25.240137306637056,105.56310040417003
2025-09-01,324.245,3.022571584713329,31.56,3.849950641658429,0.8273790569450998,25.221817206124996,105.486479322982
2025-10-01,,,31.7,4.002624671916011,,,
2025-11-01,325.063,2.6964439164939518,31.79,4.0248691099476375,1.3284251934536857,25.341694779165884,105.98784934824712
2025-12-01,326.031,2.653304114557753,31.83,3.816046966731901,1.1627428521741479,25.298245902996953,105.80613092010435
2026-01-01,326.588,2.391201432150014,31.94,3.734978889249762,1.343777457099748,25.34237749090597,105.99070468802164
2026-02-01,327.46,2.4340041103732224,32.04,3.7228876659112897,1.2888835555380673,25.354025163378736,106.03941933659029
2026-03-01,330.293,3.2859577528651984,32.12,3.546099290780136,0.26014153791493744,25.199320724326583,105.39239115151227
2026-04-01,332.407,3.7792458367415622,32.23,3.666773882277252,-0.11247195446431002,25.124811481105993,105.08076738229191
2026-05-01,333.979,4.166614684049641,32.31,3.5576923076923173,-0.6089223763573237,25.068622188820257,104.84576406867528
2026-06-01,332.568,3.463530729385411,32.38,3.417438518045368,-0.04609221134004304,25.229523766568047,105.51871085975762
2026-07-01,332.813,3.303856050706311,32.42,3.281299776999047,-0.022556273707263763,25.242094930186024,105.57128787196162
2026-08-01,334.131,3.353016322755642,32.53,3.3026357573832987,-0.050380565372343256,25.227833723898712,105.51164250898665
