observation_date,AHETPI,wage_growth_yoy
2020-01-01,23.91,3.3722438391699194
2020-02-01,24.03,3.6222509702457995
2020-03-01,24.12,3.5637612709317423
2020-04-01,25.14,7.758251178739828
2020-05-01,24.98,6.75213675213675
2020-06-01,24.78,5.536626916524701
2020-07-01,24.69,4.929876753081164
2020-08-01,24.8,5.040237187632357
2020-09-01,24.82,4.814189189189189
2020-10-01,24.84,4.589473684210521
2020-11-01,24.94,4.657994125052478
2020-12-01,25.16,5.492662473794541
2021-01-01,25.16,5.227938101212892
2021-02-01,25.25,5.076987099459007
2021-03-01,25.33,5.016583747927017
2021-04-01,25.52,1.511535401750197
2021-05-01,25.68,2.8022417934347343
2021-06-01,25.82,4.196933010492332
2021-07-01,25.97,5.184285135682454
2021-08-01,26.12,5.32258064516129
2021-09-01,26.3,5.962933118452862
2021-10-01,26.45,6.481481481481488
2021-11-01,26.56,6.495589414595027
2021-12-01,26.76,6.359300476947549
2022-01-01,26.91,6.955484896661357
2022-02-01,26.97,6.811881188118818
2022-03-01,27.1,6.987761547572058
2022-04-01,27.28,6.896551724137945
2022-05-01,27.4,6.697819314641751
2022-06-01,27.52,6.584043377226956
2022-07-01,27.66,6.507508663842909
2022-08-01,27.75,6.240428790199082
2022-09-01,27.87,5.969581749049424
2022-10-01,27.99,5.822306238185249
2022-11-01,28.11,5.835843373493987
2022-12-01,28.22,5.455904334828099
2023-01-01,28.31,5.2025269416573705
2023-02-01,28.42,5.376344086021523
2023-03-01,28.56,5.387453874538739
2023-04-01,28.7,5.205278592375362
2023-05-01,28.78,5.036496350364983
2023-06-01,28.89,4.978197674418605
2023-07-01,29.01,4.88069414316703
2023-08-01,29.06,4.720720720720717
2023-09-01,29.18,4.700394689630416
2023-10-01,29.26,4.537334762415157
2023-11-01,29.37,4.482390608324449
2023-12-01,29.47,4.4294826364280615
2024-01-01,29.61,4.592016955139533
2024-02-01,29.66,4.363124560168896
2024-03-01,29.78,4.271708683473396
2024-04-01,29.85,4.006968641114983
2024-05-01,29.97,4.134815844336326
2024-06-01,30.07,4.084458290065762
2024-07-01,30.16,3.964150293002411
2024-08-01,30.27,4.163799036476257
2024-09-01,30.39,4.146675805346134
2024-10-01,30.48,4.16951469583049
2024-11-01,30.56,4.051753489955723
2024-12-01,30.66,4.038004750593838
2025-01-01,30.79,3.9851401553529175
2025-02-01,30.89,4.146999325691159
2025-03-01,31.02,4.163868368032242
2025-04-01,31.09,4.154103852596314
2025-05-01,31.2,4.1041041041041115
2025-06-01,31.31,4.123711340206171
2025-07-01,31.39,4.078249336870021
2025-08-01,31.49,4.030393128510079
2025-09-01,31.56,3.8499506416584284
2025-10-01,31.7,4.002624671916011
2025-11-01,31.79,4.0248691099476375
2025-12-01,31.83,3.816046966731901
2026-01-01,31.94,3.7349788892497626
2026-02-01,32.04,3.7228876659112897
2026-03-01,32.12,3.546099290780136
2026-04-01,32.23,3.666773882277252
2026-05-01,32.31,3.5576923076923173
2026-06-01,32.38,3.417438518045368
2026-07-01,32.42,3.281299776999047
2026-08-01,32.53,3.3026357573832987
2026-09-01,32.6,3.2953105196451338
